region,bulk_strain,AR,std,den_strain
1rt,0.064545,1.539158,0.320685,0.078187184
2rt,0.056683,1.708718,0.449072,0.136024664
3rt,0.053397,1.808991,0.515892,0.168882257
